non binary,nonbinary
non-binary,nonbinary
nonbinary,nonbinary
enby,nonbinary
nb,nonbinary
genderqueer,nonbinary
man,male
male,male
boy,male
guy,male
woman,female
womanist,female
female,female
girl,female
gal,female
latina,female
latino,male
dad,male
mum,female
mom,female
father,male
grandfather,male
mother,female
grandmother,female
they,nonbinary
xe,nonbinary
xi,nonbinary
xir,nonbinary
ze,nonbinary
zie,nonbinary
zir,nonbinary
hir,nonbinary
she,female
hers,female
her,female
he,male
his,male
him,male